PDB_target	PDB_subject	query_target	match	subject	eval	filter1_flag	filter2_flag	filter3_flag	hit_i	contact_subject_ag	contact_subject_ab	target_resid_ag	target_resid_ab	cross_ab_avail	exact_match_i	len_exact_match	RMSD_motifs	TM_score	RMSD_pval	RMSD_ZSCORE	PPI_target	PPI_subject	score_subject_subject	score_target_subject	pval_target_subject	zscore_target_subject	pval_subject_subject
7T9J	1V7N	TQLPP	TQLPP	TQLPP	1163.19	True	True	True	3,4	Z:112,Z:113	K:101,O:48	A:24,A:25	None,None	False	0,4	5	1.01	0.69466	0.1177741370489902	-1.186187468185513	7T9J_A	1V7N_KO_Z	2.056213140487671	1.947671175003052	0.049728758633216796	-1.6474892828413534	0.062244062762308205
7T9J	1V7N	TQLPP	TQLPP	TQLPP	1163.19	True	True	True	3,4	Z:112,Z:113	K:101,O:48	B:24,B:25	None,None	False	0,4	5	0.9	0.7169399999999999	0.0930536140302951	-1.3221829774120306	7T9J_B	1V7N_KO_Z	2.056213140487671	1.8296434879302976	0.0384949569264349	-1.7684247986021437	0.062244062762308205
7T9J	1V7N	TQLPP	TQLPP	TQLPP	1163.19	True	True	True	3,4	Z:112,Z:113	K:101,O:48	C:24,C:25	None,None	False	0,4	5	1.03	0.67435	0.1227283139515245	-1.161455701940318	7T9J_C	1V7N_KO_Z	2.056213140487671	2.2467021942138667	0.0899994388999581	-1.340758488947143	0.062244062762308205
7T9J	6PE8	ESEF	ESEF	ESEF	18604.3	True	True	True	2	U:65	A:53	A:155	None	False	0,3	4	0.22	0.8514200000000001	0.056042904723505815	-1.5888874305523355	7T9J_A	6PE8_AB_U	2.506044864654541	2.3909831047058105	0.11651061038893729	-1.1926123655025038	0.14132000513331666
7T9J	6PE8	ESEF	ESEF	ESEF	18604.3	True	True	True	2	U:65	A:53	B:155	None	False	0,3	4	0.25	0.81033	0.06086225410386601	-1.547575606538175	7T9J_B	6PE8_AB_U	2.506044864654541	2.5967254638671875	0.16324311259874946	-0.9812160211548725	0.14132000513331666
7T9J	6PE8	ESEF	ESEF	ESEF	18604.3	True	True	True	2	U:65	A:53	C:155	None	False	0,3	4	0.28	0.7685	0.06600045455556902	-1.506258180493936	7T9J_C	6PE8_AB_U	2.506044864654541	2.392188549041748	0.11675334637992507	-1.1913742609139204	0.14132000513331666
7T9J	6FN1	FPNITNXCPFGE	  NITN     +	MSNITNRSDIND	713922.0	True	True	True	4	A:91	C:59	A:332	None	False	2,5	4	0.0	1.0	0.02926844575593524	-1.8916555338450227	7T9J_A	6FN1_CB_A	1.5549296140670776	inf	1.0		0.020202877624462934
7T9J	6FN1	FPNITNXCPFGE	  NITN     +	MSNITNRSDIND	713922.0	True	True	True	4	A:91	C:59	B:332	None	False	2,5	4	0.0	1.0	0.02926844575593524	-1.8916555338450227	7T9J_B	6FN1_CB_A	1.5549296140670776	inf	1.0		0.020202877624462934
7T9J	6FN1	FPNITNXCPFGE	  NITN     +	MSNITNRSDIND	713922.0	True	True	True	4	A:91	C:59	C:332	None	False	2,5	4	0.48	0.56409	0.1092219421078886	-1.2306764906510912	7T9J_C	6FN1_CB_A	1.5549296140670776	2.140023708343506	0.07349650634770799	-1.4502349473467717	0.020202877624462934
7T9J	6WEQ	NLVK	NLVK	NLVK	41781.8	True	True	True	2,3	D:345,D:346	L:34,L:32	A:533,A:534	None,None	False	0,3	4	0.42	0.59096	0.09452850689261537	-1.3133738229623362	7T9J_A	6WEQ_KL_D	1.5158857107162476	4.514732360839844	0.8394523028038945	0.9922093869030494	0.018331586349452977
7T9J	6WEQ	NLVK	NLVK	NLVK	41781.8	True	True	True	2,3	D:345,D:346	L:34,L:32	B:533,B:534	None,None	False	0,3	4	0.45	0.56455	0.1016816811159592	-1.2720274616264866	7T9J_B	6WEQ_KL_D	1.5158857107162476	4.291494369506837	0.7771746723433186	0.7626860445183872	0.018331586349452977
7T9J	6WEQ	NLVK	NLVK	NLVK	41781.8	True	True	True	2,3	D:345,D:346	L:34,L:32	C:533,C:534	None,None	False	0,3	4	0.38	0.63369	0.0855786123248985	-1.368494876477142	7T9J_C	6WEQ_KL_D	1.5158857107162476	3.1514220237731934	0.34066005353678597	-0.41066239200566096	0.018331586349452977
7V7N	1V7N	TQLPP	TQLPP	TQLPP	1163.19	True	True	True	3,4	Z:112,Z:113	K:101,O:48	A:24,A:25	None,None	False	0,4	5	0.58	0.48778	0.04294548725471914	-1.7174829092885455	7V7N_A	1V7N_KO_Z	2.056213140487671	1.6998504400253296	0.02863007032774456	-1.901319773261772	0.062244062762308205
7V7N	1V7N	TQLPP	TQLPP	TQLPP	1163.19	True	True	True	3,4	Z:112,Z:113	K:101,O:48	B:24,B:25	None,None	False	0,4	5	0.58	0.53546	0.04294548725471914	-1.7174829092885455	7V7N_B	1V7N_KO_Z	2.056213140487671	2.2259843349456787	0.08659517288531027	-1.3620238901222652	0.062244062762308205
7V7N	1V7N	TQLPP	TQLPP	TQLPP	1163.19	True	True	True	3,4	Z:112,Z:113	K:101,O:48	C:24,C:25	None,None	False	0,4	5	0.54	0.50903	0.038626094762922114	-1.7668569425452811	7V7N_C	1V7N_KO_Z	2.056213140487671	1.5779143571853638	0.0213786924877003	-2.0260722142725025	0.062244062762308205
7V7N	6PE8	ESEF	ESEF	ESEF	18604.3	True	True	True	2	U:65	A:53	A:155	None	False	0,3	4	0.67	0.37622	0.16635004337093118	-0.9686895926418616	7V7N_A	6PE8_AB_U	2.506044864654541	3.593822240829468	0.5178345511572758	0.04471949097739871	0.14132000513331666
7V7N	6PE8	ESEF	ESEF	ESEF	18604.3	True	True	True	2	U:65	A:53	B:155	None	False	0,3	4	0.88	0.26328	0.2485807436121976	-0.6789627140594677	7V7N_B	6PE8_AB_U	2.506044864654541	2.875746011734009	0.24374406996705078	-0.6943094914466995	0.14132000513331666
7V7N	6PE8	ESEF	ESEF	ESEF	18604.3	True	True	True	2	U:65	A:53	C:155	None	False	0,3	4	0.87	0.25886	0.2442293429996725	-0.6927623777889302	7V7N_C	6PE8_AB_U	2.506044864654541	3.6009120941162114	0.520742804948193	0.052017950804377766	0.14132000513331666
7V7N	6FN1	FPNITNXCPFGE	  NITN     +	MSNITNRSDIND	713922.0	True	True	True	4	A:91	C:59	A:330	None	False	2,5	4	0.44	0.66657	0.09925467195461013	-1.2858101016193482	7V7N_A	6FN1_CB_A	1.5549296140670776	2.7843987941741943	0.21527166554999988	-0.7882622376563783	0.020202877624462934
7V7N	6FN1	FPNITNXCPFGE	  NITN     +	MSNITNRSDIND	713922.0	True	True	True	4	A:91	C:59	B:330	None	False	2,5	4	0.47	0.55845	0.10666503646042023	-1.244460650617019	7V7N_B	6FN1_CB_A	1.5549296140670776	2.24849271774292	0.09029826894549009	-1.338920553107635	0.020202877624462934
7V7N	6FN1	FPNITNXCPFGE	  NITN     +	MSNITNRSDIND	713922.0	True	True	True	4	A:91	C:59	C:330	None	False	2,5	4	0.54	0.49333	0.12549226672538782	-1.1479613166528129	7V7N_C	6FN1_CB_A	1.5549296140670776	1.9843671321868896	0.0537127633260257	-1.6098732646588032	0.020202877624462934
7V7N	6WEQ	NLVK	NLVK	NLVK	41781.8	True	True	True	2,3	D:345,D:346	L:34,L:32	A:531,A:532	None,None	False	0,3	4	0.49	0.51731	0.11182268628628787	-1.2168918350798394	7V7N_A	6WEQ_KL_D	1.5158857107162476	2.986081600189209	0.2806873219803008	-0.580800906652029	0.018331586349452977
7V7N	6WEQ	NLVK	NLVK	NLVK	41781.8	True	True	True	2,3	D:345,D:346	L:34,L:32	B:531,B:532	None,None	False	0,3	4	0.36	0.67132	0.08134940025183568	-1.3960521203446197	7V7N_B	6WEQ_KL_D	1.5158857107162476	3.725553274154663	0.5715508592261562	0.18032391550618232	0.018331586349452977
7V7N	6WEQ	NLVK	NLVK	NLVK	41781.8	True	True	True	2,3	D:345,D:346	L:34,L:32	C:531,C:532	None,None	False	0,3	4	0.5	0.50827	0.1144675185428925	-1.203106689431116	7V7N_C	6WEQ_KL_D	1.5158857107162476	2.9397869110107417	0.26486111121688116	-0.6284301024429831	0.018331586349452977
7LYM	6FN1	FPNITNXCPFGE	  NITN     +	MSNITNRSDIND	713922.0	True	True	True	4	A:91	C:59	A:332	None	False	2,5	4	0.77	0.30541	0.2030594903614258	-0.8307427318346428	7LYM_A	6FN1_CB_A	1.5549296140670776	2.5862064361572266	0.16059198777149652	-0.9920277771659843	0.020202877624462934
7LYM	6FN1	FPNITNXCPFGE	  NITN     +	MSNITNRSDIND	713922.0	True	True	True	4	A:91	C:59	B:332	None	False	2,5	4	0.64	0.38729	0.15623176568930594	-1.0100662900888415	7LYM_B	6FN1_CB_A	1.5549296140670776	2.4726674556732178	0.13377938860056127	-1.1087019574636485	0.020202877624462934
7LYM	6FN1	FPNITNXCPFGE	  NITN     +	MSNITNRSDIND	713922.0	True	True	True	4	A:91	C:59	C:332	None	False	2,5	4	0.81	0.38779	0.21900609672839488	-0.7755542984813127	7LYM_C	6FN1_CB_A	1.5549296140670776	1.7371912002563477	0.03122428942486888	-1.8630972943286148	0.020202877624462934
7LYM	6WEQ	NLVK	NLVK	NLVK	41781.8	True	True	True	2,3	D:345,D:346	L:34,L:32	A:533,A:534	None,None	False	0,3	4	0.47	0.55669	0.10666503646042023	-1.244460650617019	7LYM_A	6WEQ_KL_D	1.5158857107162476	4.469918251037598	0.8279628541284824	0.9461456716284872	0.018331586349452977
7LYM	6WEQ	NLVK	NLVK	NLVK	41781.8	True	True	True	2,3	D:345,D:346	L:34,L:32	B:533,B:534	None,None	False	0,3	4	0.34	0.69535	0.07728011727589779	-1.4236071167785291	7LYM_B	6WEQ_KL_D	1.5158857107162476	4.989853858947754	0.9305773300705128	1.480104578648329	0.018331586349452977
7LYM	6WEQ	NLVK	NLVK	NLVK	41781.8	True	True	True	2,3	D:345,D:346	L:34,L:32	C:533,C:534	None,None	False	0,3	4	0.35	0.67103	0.0792949574426931	-1.4098299022479306	7LYM_C	6WEQ_KL_D	1.5158857107162476	4.458127498626709	0.8248545181345752	0.9340250650461097	0.018331586349452977
